title,dice_score,ioU,hd95
0001_NI000_slice000.png,1.3373681665791986e-08,1.3280212307035694e-08,186.93849255838134
0001_NI000_slice002.png,9.39766488102734e-09,9.389671273336421e-09,180.6160291799262
0001_NI000_slice004.png,9.782146531427362e-09,9.737098249882198e-09,184.21224135286468
0001_NI000_slice006.png,1.2321995000594466e-08,1.2269938499755357e-08,187.04277585621958
0010_NI002_slice001.png,2.7392257592900707e-08,2.6954177171046443e-08,168.44286865284622
0010_NI002_slice003.png,3.18276571908977e-08,3.164556861881112e-08,168.6297719858507
